TopicID,TopicName,KnowledgeDomain,PointID,PointTitle,PointType,ExamUse,Importance,Difficulty,SourceFile,SourceLocator,ShouldCard,Reason,RelatedQuestionIDs,NeedsReview
T-INFO-001,信息化、信息系统生命周期与系统集成基础,信息化与系统集成基础,T-INFO-001-KP-001,信息系统（产品/系统）vs 信息化（过程/活动）辨析卡。,辨析,上午选择,A,3,topic_learning_packages/topics/01_信息化与信息系统/T-INFO-001_专题学习包_信息化信息系统生命周期与系统集成基础.md,line 76,yes,来自专题学习包明确制卡提示，经脚本转入候选考点；正式卡片另行重写,,no
T-INFO-001,信息化、信息系统生命周期与系统集成基础,信息化与系统集成基础,T-INFO-001-KP-002,信息系统生命周期各阶段判断卡。,概念,上午选择,A,3,topic_learning_packages/topics/01_信息化与信息系统/T-INFO-001_专题学习包_信息化信息系统生命周期与系统集成基础.md,line 91,yes,来自专题学习包明确制卡提示，经脚本转入候选考点；正式卡片另行重写,,no
T-INFO-001,信息化、信息系统生命周期与系统集成基础,信息化与系统集成基础,T-INFO-001-KP-003,系统集成项目四大特点卡。,概念,上午选择,A,3,topic_learning_packages/topics/01_信息化与信息系统/T-INFO-001_专题学习包_信息化信息系统生命周期与系统集成基础.md,line 106,yes,来自专题学习包明确制卡提示，经脚本转入候选考点；正式卡片另行重写,,no
T-INFO-001,信息化、信息系统生命周期与系统集成基础,信息化与系统集成基础,T-INFO-001-KP-004,两种生命周期的交叉关系卡。,概念,上午选择,B,3,topic_learning_packages/topics/01_信息化与信息系统/T-INFO-001_专题学习包_信息化信息系统生命周期与系统集成基础.md,line 121,yes,来自专题学习包明确制卡提示，经脚本转入候选考点；正式卡片另行重写,,no
T-INFO-001,信息化、信息系统生命周期与系统集成基础,信息化与系统集成基础,T-INFO-001-KP-005,系统集成的核心是什么；信息系统生命周期与项目生命周期的边界；信息化不等于采购设备。,概念,上午选择,B,3,topic_learning_packages/topics/01_信息化与信息系统/T-INFO-001_专题学习包_信息化信息系统生命周期与系统集成基础.md,line 166,yes,来自专题学习包明确制卡提示，经脚本转入候选考点；正式卡片另行重写,,no
T-PM-002,五大过程组、十大知识域与 PDCA,项目管理基础,T-PM-002-KP-001,"过程组 vs 阶段的两句话辨析卡。关键词判断卡看到""阶段""想到时间顺序，看到""过程组""想到管理活动类型。",辨析,上午选择,A,3,topic_learning_packages/topics/02_项目管理基础/T-PM-002_专题学习包_五大过程组十大知识域与PDCA.md,line 255,yes,来自专题学习包明确制卡提示，经脚本转入候选考点；正式卡片另行重写,,no
T-PM-002,五大过程组、十大知识域与 PDCA,项目管理基础,T-PM-002-KP-002,"""收尾 ≠ Act""陷阱卡。PDCA 四环节与过程组对应关系卡。",概念,上午选择,A,3,topic_learning_packages/topics/02_项目管理基础/T-PM-002_专题学习包_五大过程组十大知识域与PDCA.md,line 273,yes,来自专题学习包明确制卡提示，经脚本转入候选考点；正式卡片另行重写,,no
T-PM-002,五大过程组、十大知识域与 PDCA,项目管理基础,T-PM-002-KP-003,确认范围/QA/QC/整体变更控制的过程组归属速记卡。,概念,上午选择,A,3,topic_learning_packages/topics/02_项目管理基础/T-PM-002_专题学习包_五大过程组十大知识域与PDCA.md,line 292,yes,来自专题学习包明确制卡提示，经脚本转入候选考点；正式卡片另行重写,,no
T-PM-002,五大过程组、十大知识域与 PDCA,项目管理基础,T-PM-002-KP-004,QA（执行）vs QC（监控）辨析卡。附带过程组速记表。,辨析,上午选择,B,3,topic_learning_packages/topics/02_项目管理基础/T-PM-002_专题学习包_五大过程组十大知识域与PDCA.md,line 309,yes,来自专题学习包明确制卡提示，经脚本转入候选考点；正式卡片另行重写,,no
T-PM-002,五大过程组、十大知识域与 PDCA,项目管理基础,T-PM-002-KP-005,整体变更控制 → 监控过程组 判断卡。,概念,上午选择,B,3,topic_learning_packages/topics/02_项目管理基础/T-PM-002_专题学习包_五大过程组十大知识域与PDCA.md,line 328,yes,来自专题学习包明确制卡提示，经脚本转入候选考点；正式卡片另行重写,,no
T-PM-002,五大过程组、十大知识域与 PDCA,项目管理基础,T-PM-002-KP-006,关键管理动作 → 过程组归属的综合判断卡。,概念,上午选择,B,3,topic_learning_packages/topics/02_项目管理基础/T-PM-002_专题学习包_五大过程组十大知识域与PDCA.md,line 351,yes,来自专题学习包明确制卡提示，经脚本转入候选考点；正式卡片另行重写,,no
T-PM-002,五大过程组、十大知识域与 PDCA,项目管理基础,T-PM-002-KP-007,过程组×知识域诊断框架卡（可作为案例题答题起点）。,案例模板,下午案例,B,3,topic_learning_packages/topics/02_项目管理基础/T-PM-002_专题学习包_五大过程组十大知识域与PDCA.md,line 376,yes,来自专题学习包明确制卡提示，经脚本转入候选考点；正式卡片另行重写,,no
T-PM-002,五大过程组、十大知识域与 PDCA,项目管理基础,T-PM-002-KP-008,创建 WBS 属于哪个过程组；过程组 vs 阶段；PDCA 中 Check/Act 与监控纠偏。,辨析,上午选择,B,3,topic_learning_packages/topics/02_项目管理基础/T-PM-002_专题学习包_五大过程组十大知识域与PDCA.md,line 421,yes,来自专题学习包明确制卡提示，经脚本转入候选考点；正式卡片另行重写,,no
T-FEA-001,立项管理：项目建议书、可行性研究与项目论证,立项管理,T-FEA-001-KP-001,可行性研究四方面卡。,概念,上午选择,A,3,topic_learning_packages/topics/03_立项管理/T-FEA-001_专题学习包_立项管理项目建议书可行性研究与项目论证.md,line 91,yes,来自专题学习包明确制卡提示，经脚本转入候选考点；正式卡片另行重写,,no
T-FEA-001,立项管理：项目建议书、可行性研究与项目论证,立项管理,T-FEA-001-KP-002,三级可研的精度递进卡。,概念,上午选择,A,3,topic_learning_packages/topics/03_立项管理/T-FEA-001_专题学习包_立项管理项目建议书可行性研究与项目论证.md,line 106,yes,来自专题学习包明确制卡提示，经脚本转入候选考点；正式卡片另行重写,,no
T-FEA-001,立项管理：项目建议书、可行性研究与项目论证,立项管理,T-FEA-001-KP-003,论证 vs 评估的先后和主体辨析卡。,辨析,上午选择,A,3,topic_learning_packages/topics/03_立项管理/T-FEA-001_专题学习包_立项管理项目建议书可行性研究与项目论证.md,line 121,yes,来自专题学习包明确制卡提示，经脚本转入候选考点；正式卡片另行重写,,no
T-FEA-001,立项管理：项目建议书、可行性研究与项目论证,立项管理,T-FEA-001-KP-004,项目建议书的作用卡。,概念,上午选择,B,3,topic_learning_packages/topics/03_立项管理/T-FEA-001_专题学习包_立项管理项目建议书可行性研究与项目论证.md,line 136,yes,来自专题学习包明确制卡提示，经脚本转入候选考点；正式卡片另行重写,,no
T-FEA-001,立项管理：项目建议书、可行性研究与项目论证,立项管理,T-FEA-001-KP-005,可研五类内容；项目论证 vs 项目评估；重大调整为什么可能需要重新报批。,辨析,上午选择,B,3,topic_learning_packages/topics/03_立项管理/T-FEA-001_专题学习包_立项管理项目建议书可行性研究与项目论证.md,line 181,yes,来自专题学习包明确制卡提示，经脚本转入候选考点；正式卡片另行重写,,no
T-CLOSE-001,项目收尾：管理收尾、合同收尾与验收,整体管理,T-CLOSE-001-KP-001,合同收尾 → 管理收尾 的顺序卡。,概念,上午选择,A,3,topic_learning_packages/topics/04_整体管理/T-CLOSE-001_专题学习包_项目收尾管理收尾合同收尾与验收.md,line 61,yes,来自专题学习包明确制卡提示，经脚本转入候选考点；正式卡片另行重写,,no
T-CLOSE-001,项目收尾：管理收尾、合同收尾与验收,整体管理,T-CLOSE-001-KP-002,多个合同的收尾策略卡。,概念,上午选择,A,3,topic_learning_packages/topics/04_整体管理/T-CLOSE-001_专题学习包_项目收尾管理收尾合同收尾与验收.md,line 76,yes,来自专题学习包明确制卡提示，经脚本转入候选考点；正式卡片另行重写,,no
T-CLOSE-001,项目收尾：管理收尾、合同收尾与验收,整体管理,T-CLOSE-001-KP-003,收尾 ≠ Act 陷阱卡。,概念,上午选择,A,3,topic_learning_packages/topics/04_整体管理/T-CLOSE-001_专题学习包_项目收尾管理收尾合同收尾与验收.md,line 92,yes,来自专题学习包明确制卡提示，经脚本转入候选考点；正式卡片另行重写,,no
T-CLOSE-001,项目收尾：管理收尾、合同收尾与验收,整体管理,T-CLOSE-001-KP-004,经验教训总结的时机判断卡。,概念,上午选择,B,3,topic_learning_packages/topics/04_整体管理/T-CLOSE-001_专题学习包_项目收尾管理收尾合同收尾与验收.md,line 107,yes,来自专题学习包明确制卡提示，经脚本转入候选考点；正式卡片另行重写,,no
T-CLOSE-001,项目收尾：管理收尾、合同收尾与验收,整体管理,T-CLOSE-001-KP-005,管理收尾 vs 合同收尾；验收通过后还要做什么；经验教训为什么是组织过程资产。,辨析,上午选择,B,3,topic_learning_packages/topics/04_整体管理/T-CLOSE-001_专题学习包_项目收尾管理收尾合同收尾与验收.md,line 152,yes,来自专题学习包明确制卡提示，经脚本转入候选考点；正式卡片另行重写,,no
T-INT-002,项目章程、SOW、项目管理计划与基准体系,整体管理,T-INT-002-KP-001,章程 vs 计划的内容区分卡。,辨析,上午选择,A,3,topic_learning_packages/topics/04_整体管理/T-INT-002_专题学习包_项目章程SOW项目管理计划与基准关系.md,line 91,yes,来自专题学习包明确制卡提示，经脚本转入候选考点；正式卡片另行重写,,no
T-INT-002,项目章程、SOW、项目管理计划与基准体系,整体管理,T-INT-002-KP-002,章程发布者卡。,概念,上午选择,A,3,topic_learning_packages/topics/04_整体管理/T-INT-002_专题学习包_项目章程SOW项目管理计划与基准关系.md,line 106,yes,来自专题学习包明确制卡提示，经脚本转入候选考点；正式卡片另行重写,,no
T-INT-002,项目章程、SOW、项目管理计划与基准体系,整体管理,T-INT-002-KP-003,基准变更必须走变更控制的规则卡。,概念,上午选择,A,3,topic_learning_packages/topics/04_整体管理/T-INT-002_专题学习包_项目章程SOW项目管理计划与基准关系.md,line 121,yes,来自专题学习包明确制卡提示，经脚本转入候选考点；正式卡片另行重写,,no
T-INT-002,项目章程、SOW、项目管理计划与基准体系,整体管理,T-INT-002-KP-004,SOW 来源判断卡。,概念,上午选择,B,3,topic_learning_packages/topics/04_整体管理/T-INT-002_专题学习包_项目章程SOW项目管理计划与基准关系.md,line 136,yes,来自专题学习包明确制卡提示，经脚本转入候选考点；正式卡片另行重写,,no
T-INT-002,项目章程、SOW、项目管理计划与基准体系,整体管理,T-INT-002-KP-005,项目章程由谁发布；章程 vs 项目管理计划；基准从哪里来。,辨析,上午选择,B,3,topic_learning_packages/topics/04_整体管理/T-INT-002_专题学习包_项目章程SOW项目管理计划与基准关系.md,line 181,yes,来自专题学习包明确制卡提示，经脚本转入候选考点；正式卡片另行重写,,no
T-INT-004,整体变更控制与 CCB,整体管理,T-INT-004-KP-001,CCB 审批范围判断卡。,概念,上午选择,A,3,topic_learning_packages/topics/04_整体管理/T-INT-004_专题学习包_整体变更控制与CCB.md,line 110,yes,来自专题学习包明确制卡提示，经脚本转入候选考点；正式卡片另行重写,,no
T-INT-004,整体变更控制与 CCB,整体管理,T-INT-004-KP-002,四种变更请求类型辨析卡（含题干关键词）。,辨析,上午选择,A,3,topic_learning_packages/topics/04_整体管理/T-INT-004_专题学习包_整体变更控制与CCB.md,line 127,yes,来自专题学习包明确制卡提示，经脚本转入候选考点；正式卡片另行重写,,no
T-INT-004,整体变更控制与 CCB,整体管理,T-INT-004-KP-003,变更批准后更新清单（计划、基准、配置记录、组织过程资产）。,概念,上午选择,A,3,topic_learning_packages/topics/04_整体管理/T-INT-004_专题学习包_整体变更控制与CCB.md,line 144,yes,来自专题学习包明确制卡提示，经脚本转入候选考点；正式卡片另行重写,,no
T-INT-004,整体变更控制与 CCB,整体管理,T-INT-004-KP-004,CCB 角色边界辨析卡。,辨析,上午选择,B,3,topic_learning_packages/topics/04_整体管理/T-INT-004_专题学习包_整体变更控制与CCB.md,line 161,yes,来自专题学习包明确制卡提示，经脚本转入候选考点；正式卡片另行重写,,no
T-INT-004,整体变更控制与 CCB,整体管理,T-INT-004-KP-005,变更控制案例模板卡。,案例模板,下午案例,B,3,topic_learning_packages/topics/04_整体管理/T-INT-004_专题学习包_整体变更控制与CCB.md,line 175,yes,来自专题学习包明确制卡提示，经脚本转入候选考点；正式卡片另行重写,,no
T-INT-004,整体变更控制与 CCB,整体管理,T-INT-004-KP-006,变更控制第一步；CCB 的职责；批准后要更新哪些文件。,概念,上午选择,B,3,topic_learning_packages/topics/04_整体管理/T-INT-004_专题学习包_整体变更控制与CCB.md,line 220,yes,来自专题学习包明确制卡提示，经脚本转入候选考点；正式卡片另行重写,,no
T-SCOPE-002,WBS、工作包、WBS 字典与范围基准,范围管理,T-SCOPE-002-KP-001,"WBS 核心特征卡。""可交付成果导向""vs""活动导向""辨析卡。",辨析,上午选择,A,3,topic_learning_packages/topics/05_范围管理/T-SCOPE-002_专题学习包_WBS工作包WBS字典与范围基准.md,line 125,yes,来自专题学习包明确制卡提示，经脚本转入候选考点；正式卡片另行重写,,no
T-SCOPE-002,WBS、工作包、WBS 字典与范围基准,范围管理,T-SCOPE-002-KP-002,范围基准三组件卡。三大基准（范围/进度/成本）对应内容卡。,概念,上午选择,A,3,topic_learning_packages/topics/05_范围管理/T-SCOPE-002_专题学习包_WBS工作包WBS字典与范围基准.md,line 142,yes,来自专题学习包明确制卡提示，经脚本转入候选考点；正式卡片另行重写,,no
T-SCOPE-002,WBS、工作包、WBS 字典与范围基准,范围管理,T-SCOPE-002-KP-003,WBS 分解灵活性理解卡。,概念,上午选择,A,3,topic_learning_packages/topics/05_范围管理/T-SCOPE-002_专题学习包_WBS工作包WBS字典与范围基准.md,line 161,yes,来自专题学习包明确制卡提示，经脚本转入候选考点；正式卡片另行重写,,no
T-SCOPE-002,WBS、工作包、WBS 字典与范围基准,范围管理,T-SCOPE-002-KP-004,WBS 词典 vs WBS vs 范围说明书的内容区分卡。,辨析,上午选择,B,3,topic_learning_packages/topics/05_范围管理/T-SCOPE-002_专题学习包_WBS工作包WBS字典与范围基准.md,line 178,yes,来自专题学习包明确制卡提示，经脚本转入候选考点；正式卡片另行重写,,no
T-SCOPE-002,WBS、工作包、WBS 字典与范围基准,范围管理,T-SCOPE-002-KP-005,100% 规则卡。WBS 与范围蔓延关系卡。,概念,上午选择,B,3,topic_learning_packages/topics/05_范围管理/T-SCOPE-002_专题学习包_WBS工作包WBS字典与范围基准.md,line 195,yes,来自专题学习包明确制卡提示，经脚本转入候选考点；正式卡片另行重写,,no
T-SCOPE-002,WBS、工作包、WBS 字典与范围基准,范围管理,T-SCOPE-002-KP-006,WBS 案例错误模式卡。,案例模板,下午案例,B,3,topic_learning_packages/topics/05_范围管理/T-SCOPE-002_专题学习包_WBS工作包WBS字典与范围基准.md,line 207,yes,来自专题学习包明确制卡提示，经脚本转入候选考点；正式卡片另行重写,,no
T-SCOPE-002,WBS、工作包、WBS 字典与范围基准,范围管理,T-SCOPE-002-KP-007,工作包定义；WBS vs 活动清单；范围基准三件套。,辨析,上午选择,B,3,topic_learning_packages/topics/05_范围管理/T-SCOPE-002_专题学习包_WBS工作包WBS字典与范围基准.md,line 252,yes,来自专题学习包明确制卡提示，经脚本转入候选考点；正式卡片另行重写,,no
T-SCH-002,活动排序、依赖关系、PDM/AOA 与提前滞后量,进度管理,T-SCH-002-KP-001,四种依赖关系的动作对卡（正面A的动作和B的动作，背面关系类型）。,概念,上午选择,A,3,topic_learning_packages/topics/06_进度管理/T-SCH-002_专题学习包_活动排序依赖关系PDM_AOA与提前滞后量.md,line 98,yes,来自专题学习包明确制卡提示，经脚本转入候选考点；正式卡片另行重写,,no
T-SCH-002,活动排序、依赖关系、PDM/AOA 与提前滞后量,进度管理,T-SCH-002-KP-002,PDM vs ADM 的特征识别卡。,辨析,上午选择,A,3,topic_learning_packages/topics/06_进度管理/T-SCH-002_专题学习包_活动排序依赖关系PDM_AOA与提前滞后量.md,line 113,yes,来自专题学习包明确制卡提示，经脚本转入候选考点；正式卡片另行重写,,no
T-SCH-002,活动排序、依赖关系、PDM/AOA 与提前滞后量,进度管理,T-SCH-002-KP-003,虚活动定义与作用卡。,概念,上午选择,A,3,topic_learning_packages/topics/06_进度管理/T-SCH-002_专题学习包_活动排序依赖关系PDM_AOA与提前滞后量.md,line 128,yes,来自专题学习包明确制卡提示，经脚本转入候选考点；正式卡片另行重写,,no
T-SCH-002,活动排序、依赖关系、PDM/AOA 与提前滞后量,进度管理,T-SCH-002-KP-004,四种依赖类别判断卡（强制/选择 × 外部/内部）。,概念,上午选择,B,3,topic_learning_packages/topics/06_进度管理/T-SCH-002_专题学习包_活动排序依赖关系PDM_AOA与提前滞后量.md,line 143,yes,来自专题学习包明确制卡提示，经脚本转入候选考点；正式卡片另行重写,,no
T-SCH-002,活动排序、依赖关系、PDM/AOA 与提前滞后量,进度管理,T-SCH-002-KP-005,提前量/滞后量的计算示例卡。,公式/计算,计算题,B,3,topic_learning_packages/topics/06_进度管理/T-SCH-002_专题学习包_活动排序依赖关系PDM_AOA与提前滞后量.md,line 162,yes,来自专题学习包明确制卡提示，经脚本转入候选考点；正式卡片另行重写,,no
T-SCH-002,活动排序、依赖关系、PDM/AOA 与提前滞后量,进度管理,T-SCH-002-KP-006,快速跟进 → 调整选择性依赖的判断卡。,概念,上午选择,B,3,topic_learning_packages/topics/06_进度管理/T-SCH-002_专题学习包_活动排序依赖关系PDM_AOA与提前滞后量.md,line 177,yes,来自专题学习包明确制卡提示，经脚本转入候选考点；正式卡片另行重写,,no
T-SCH-002,活动排序、依赖关系、PDM/AOA 与提前滞后量,进度管理,T-SCH-002-KP-007,强制依赖 vs 选择性依赖；PDM 节点表示活动；提前量和滞后量的题干信号。,辨析,上午选择,B,3,topic_learning_packages/topics/06_进度管理/T-SCH-002_专题学习包_活动排序依赖关系PDM_AOA与提前滞后量.md,line 222,yes,来自专题学习包明确制卡提示，经脚本转入候选考点；正式卡片另行重写,,no
T-SCH-003,关键路径、总时差、自由时差与网络图判断,进度管理,T-SCH-003-KP-001,关键路径定义卡 + 识别方法卡。,概念,上午选择,A,3,topic_learning_packages/topics/06_进度管理/T-SCH-003_专题学习包_关键路径总时差自由时差与网络图判断.md,line 178,yes,来自专题学习包明确制卡提示，经脚本转入候选考点；正式卡片另行重写,,no
T-SCH-003,关键路径、总时差、自由时差与网络图判断,进度管理,T-SCH-003-KP-002,总时差双公式卡。,公式/计算,计算题,A,3,topic_learning_packages/topics/06_进度管理/T-SCH-003_专题学习包_关键路径总时差自由时差与网络图判断.md,line 195,yes,来自专题学习包明确制卡提示，经脚本转入候选考点；正式卡片另行重写,,no
T-SCH-003,关键路径、总时差、自由时差与网络图判断,进度管理,T-SCH-003-KP-003,"自由时差公式卡 + ""取紧后 ES 最小值""的关键操作卡。",公式/计算,计算题,A,3,topic_learning_packages/topics/06_进度管理/T-SCH-003_专题学习包_关键路径总时差自由时差与网络图判断.md,line 212,yes,来自专题学习包明确制卡提示，经脚本转入候选考点；正式卡片另行重写,,no
T-SCH-003,关键路径、总时差、自由时差与网络图判断,进度管理,T-SCH-003-KP-004,时差消耗与关键路径变化的判断卡。,概念,上午选择,B,3,topic_learning_packages/topics/06_进度管理/T-SCH-003_专题学习包_关键路径总时差自由时差与网络图判断.md,line 229,yes,来自专题学习包明确制卡提示，经脚本转入候选考点；正式卡片另行重写,,no
T-SCH-003,关键路径、总时差、自由时差与网络图判断,进度管理,T-SCH-003-KP-005,虚活动定义与作用卡。,概念,上午选择,B,3,topic_learning_packages/topics/06_进度管理/T-SCH-003_专题学习包_关键路径总时差自由时差与网络图判断.md,line 248,yes,来自专题学习包明确制卡提示，经脚本转入候选考点；正式卡片另行重写,,no
T-SCH-003,关键路径、总时差、自由时差与网络图判断,进度管理,T-SCH-003-KP-006,关键活动特性辨析卡。,辨析,上午选择,B,3,topic_learning_packages/topics/06_进度管理/T-SCH-003_专题学习包_关键路径总时差自由时差与网络图判断.md,line 267,yes,来自专题学习包明确制卡提示，经脚本转入候选考点；正式卡片另行重写,,no
T-SCH-003,关键路径、总时差、自由时差与网络图判断,进度管理,T-SCH-003-KP-007,正推逆推完整流程卡。,流程,上午选择,B,3,topic_learning_packages/topics/06_进度管理/T-SCH-003_专题学习包_关键路径总时差自由时差与网络图判断.md,line 291,yes,来自专题学习包明确制卡提示，经脚本转入候选考点；正式卡片另行重写,,no
T-SCH-003,关键路径、总时差、自由时差与网络图判断,进度管理,T-SCH-003-KP-008,总时差的意义；关键路径为什么会变化；非关键活动延误何时影响总工期。,概念,上午选择,B,3,topic_learning_packages/topics/06_进度管理/T-SCH-003_专题学习包_关键路径总时差自由时差与网络图判断.md,line 336,yes,来自专题学习包明确制卡提示，经脚本转入候选考点；正式卡片另行重写,,no
T-COST-001,成本估算、成本预算、储备分析与成本基准,成本管理,T-COST-001-KP-001,估算方法选择判断卡（场景→方法）。,概念,上午选择,A,3,topic_learning_packages/topics/07_成本管理/T-COST-001_专题学习包_成本估算预算储备分析与成本基准.md,line 78,yes,来自专题学习包明确制卡提示，经脚本转入候选考点；正式卡片另行重写,,no
T-COST-001,成本估算、成本预算、储备分析与成本基准,成本管理,T-COST-001-KP-002,应急储备 vs 管理储备判断卡（含关键词）。,辨析,上午选择,A,3,topic_learning_packages/topics/07_成本管理/T-COST-001_专题学习包_成本估算预算储备分析与成本基准.md,line 93,yes,来自专题学习包明确制卡提示，经脚本转入候选考点；正式卡片另行重写,,no
T-COST-001,成本估算、成本预算、储备分析与成本基准,成本管理,T-COST-001-KP-003,成本基准组成卡。,概念,上午选择,A,3,topic_learning_packages/topics/07_成本管理/T-COST-001_专题学习包_成本估算预算储备分析与成本基准.md,line 108,yes,来自专题学习包明确制卡提示，经脚本转入候选考点；正式卡片另行重写,,no
T-COST-001,成本估算、成本预算、储备分析与成本基准,成本管理,T-COST-001-KP-004,成本失控常见原因记忆卡。,概念,上午选择,B,3,topic_learning_packages/topics/07_成本管理/T-COST-001_专题学习包_成本估算预算储备分析与成本基准.md,line 123,yes,来自专题学习包明确制卡提示，经脚本转入候选考点；正式卡片另行重写,,no
T-COST-001,成本估算、成本预算、储备分析与成本基准,成本管理,T-COST-001-KP-005,成本估算案例模板卡。,案例模板,下午案例,B,3,topic_learning_packages/topics/07_成本管理/T-COST-001_专题学习包_成本估算预算储备分析与成本基准.md,line 135,yes,来自专题学习包明确制卡提示，经脚本转入候选考点；正式卡片另行重写,,no
T-COST-001,成本估算、成本预算、储备分析与成本基准,成本管理,T-COST-001-KP-006,自下而上估算步骤；应急储备 vs 管理储备；BAC 通常不含管理储备。,辨析,上午选择,B,3,topic_learning_packages/topics/07_成本管理/T-COST-001_专题学习包_成本估算预算储备分析与成本基准.md,line 180,yes,来自专题学习包明确制卡提示，经脚本转入候选考点；正式卡片另行重写,,no
T-COST-002,挣值管理与成本绩效分析,成本管理,T-COST-002-KP-001,SV 和 CV 的公式卡、符号含义卡。,公式/计算,计算题,A,3,topic_learning_packages/topics/07_成本管理/T-COST-002_专题学习包_挣值管理与成本绩效分析.md,line 266,yes,来自专题学习包明确制卡提示，经脚本转入候选考点；正式卡片另行重写,,no
T-COST-002,挣值管理与成本绩效分析,成本管理,T-COST-002-KP-002,SPI/CPI 阈值判断卡。,概念,上午选择,A,3,topic_learning_packages/topics/07_成本管理/T-COST-002_专题学习包_挣值管理与成本绩效分析.md,line 283,yes,来自专题学习包明确制卡提示，经脚本转入候选考点；正式卡片另行重写,,no
T-COST-002,挣值管理与成本绩效分析,成本管理,T-COST-002-KP-003,EAC 公式选择判断卡（含题干关键词→公式的映射）。,公式/计算,计算题,A,3,topic_learning_packages/topics/07_成本管理/T-COST-002_专题学习包_挣值管理与成本绩效分析.md,line 302,yes,来自专题学习包明确制卡提示，经脚本转入候选考点；正式卡片另行重写,,no
T-COST-002,挣值管理与成本绩效分析,成本管理,T-COST-002-KP-004,CPI 与 EAC 关系的直觉判断卡。,概念,上午选择,B,3,topic_learning_packages/topics/07_成本管理/T-COST-002_专题学习包_挣值管理与成本绩效分析.md,line 319,yes,来自专题学习包明确制卡提示，经脚本转入候选考点；正式卡片另行重写,,no
T-COST-002,挣值管理与成本绩效分析,成本管理,T-COST-002-KP-005,TCPI 公式卡 + TCPI 与 CPI 比较的意义卡。,公式/计算,计算题,B,3,topic_learning_packages/topics/07_成本管理/T-COST-002_专题学习包_挣值管理与成本绩效分析.md,line 338,yes,来自专题学习包明确制卡提示，经脚本转入候选考点；正式卡片另行重写,,no
T-COST-002,挣值管理与成本绩效分析,成本管理,T-COST-002-KP-006,挣值综合判断的快速分析流程卡。,流程,上午选择,B,3,topic_learning_packages/topics/07_成本管理/T-COST-002_专题学习包_挣值管理与成本绩效分析.md,line 357,yes,来自专题学习包明确制卡提示，经脚本转入候选考点；正式卡片另行重写,,no
T-COST-002,挣值管理与成本绩效分析,成本管理,T-COST-002-KP-007,挣值案例答题模板卡计算→判断→预测→诊断→建议。,公式/计算,计算题,B,3,topic_learning_packages/topics/07_成本管理/T-COST-002_专题学习包_挣值管理与成本绩效分析.md,line 379,yes,来自专题学习包明确制卡提示，经脚本转入候选考点；正式卡片另行重写,,no
T-COST-002,挣值管理与成本绩效分析,成本管理,T-COST-002-KP-008,EV 不是实际成本；CV/SV/CPI/SPI 公式；缺少 EV 为什么不能判断。,公式/计算,计算题,B,3,topic_learning_packages/topics/07_成本管理/T-COST-002_专题学习包_挣值管理与成本绩效分析.md,line 424,yes,来自专题学习包明确制卡提示，经脚本转入候选考点；正式卡片另行重写,,no
T-QUAL-001,质量保证、质量控制与质量审计,质量管理,T-QUAL-001-KP-001,质量 vs 等级辨析卡。,辨析,上午选择,A,3,topic_learning_packages/topics/08_质量管理/T-QUAL-001_专题学习包_质量保证质量控制与质量审计.md,line 108,yes,来自专题学习包明确制卡提示，经脚本转入候选考点；正式卡片另行重写,,no
T-QUAL-001,质量保证、质量控制与质量审计,质量管理,T-QUAL-001-KP-002,QA vs QC 场景判断卡（含关键词判断表）。,辨析,上午选择,A,3,topic_learning_packages/topics/08_质量管理/T-QUAL-001_专题学习包_质量保证质量控制与质量审计.md,line 125,yes,来自专题学习包明确制卡提示，经脚本转入候选考点；正式卡片另行重写,,no
T-QUAL-001,质量保证、质量控制与质量审计,质量管理,T-QUAL-001-KP-003,质量成本四分类辨析卡。,辨析,上午选择,A,3,topic_learning_packages/topics/08_质量管理/T-QUAL-001_专题学习包_质量保证质量控制与质量审计.md,line 146,yes,来自专题学习包明确制卡提示，经脚本转入候选考点；正式卡片另行重写,,no
T-QUAL-001,质量保证、质量控制与质量审计,质量管理,T-QUAL-001-KP-004,QA-QC 协同工作流卡。,概念,上午选择,B,3,topic_learning_packages/topics/08_质量管理/T-QUAL-001_专题学习包_质量保证质量控制与质量审计.md,line 163,yes,来自专题学习包明确制卡提示，经脚本转入候选考点；正式卡片另行重写,,no
T-QUAL-001,质量保证、质量控制与质量审计,质量管理,T-QUAL-001-KP-005,质量案例共性诊断模板卡。,案例模板,下午案例,B,3,topic_learning_packages/topics/08_质量管理/T-QUAL-001_专题学习包_质量保证质量控制与质量审计.md,line 177,yes,来自专题学习包明确制卡提示，经脚本转入候选考点；正式卡片另行重写,,no
T-QUAL-001,质量保证、质量控制与质量审计,质量管理,T-QUAL-001-KP-006,QA vs QC；质量审计属于什么；需求评审为什么是前置质量控制。,辨析,上午选择,B,3,topic_learning_packages/topics/08_质量管理/T-QUAL-001_专题学习包_质量保证质量控制与质量审计.md,line 222,yes,来自专题学习包明确制卡提示，经脚本转入候选考点；正式卡片另行重写,,no
T-QUAL-002,质量管理七工具、新七工具与质量问题分析,质量管理,T-QUAL-002-KP-001,帕累托图 vs 因果图的场景区分卡。,辨析,上午选择,A,3,topic_learning_packages/topics/08_质量管理/T-QUAL-002_专题学习包_质量管理七工具新七工具与质量问题分析.md,line 124,yes,来自专题学习包明确制卡提示，经脚本转入候选考点；正式卡片另行重写,,no
T-QUAL-002,质量管理七工具、新七工具与质量问题分析,质量管理,T-QUAL-002-KP-002,控制图七点法则卡。,概念,上午选择,A,3,topic_learning_packages/topics/08_质量管理/T-QUAL-002_专题学习包_质量管理七工具新七工具与质量问题分析.md,line 135,yes,来自专题学习包明确制卡提示，经脚本转入候选考点；正式卡片另行重写,,no
T-QUAL-002,质量管理七工具、新七工具与质量问题分析,质量管理,T-QUAL-002-KP-003,因果图使用场景判断卡。,概念,上午选择,A,3,topic_learning_packages/topics/08_质量管理/T-QUAL-002_专题学习包_质量管理七工具新七工具与质量问题分析.md,line 146,yes,来自专题学习包明确制卡提示，经脚本转入候选考点；正式卡片另行重写,,no
T-QUAL-002,质量管理七工具、新七工具与质量问题分析,质量管理,T-QUAL-002-KP-004,直方图 vs 帕累托图的核心区别卡。,辨析,上午选择,B,3,topic_learning_packages/topics/08_质量管理/T-QUAL-002_专题学习包_质量管理七工具新七工具与质量问题分析.md,line 160,yes,来自专题学习包明确制卡提示，经脚本转入候选考点；正式卡片另行重写,,no
T-QUAL-002,质量管理七工具、新七工具与质量问题分析,质量管理,T-QUAL-002-KP-005,检查表作用卡（收集数据的基础工具）。,概念,上午选择,B,3,topic_learning_packages/topics/08_质量管理/T-QUAL-002_专题学习包_质量管理七工具新七工具与质量问题分析.md,line 174,yes,来自专题学习包明确制卡提示，经脚本转入候选考点；正式卡片另行重写,,no
T-QUAL-002,质量管理七工具、新七工具与质量问题分析,质量管理,T-QUAL-002-KP-006,质量工具链卡（检查表→帕累托→因果图）。,概念,上午选择,B,3,topic_learning_packages/topics/08_质量管理/T-QUAL-002_专题学习包_质量管理七工具新七工具与质量问题分析.md,line 184,yes,来自专题学习包明确制卡提示，经脚本转入候选考点；正式卡片另行重写,,no
T-QUAL-002,质量管理七工具、新七工具与质量问题分析,质量管理,T-QUAL-002-KP-007,帕累托图用途；因果图用途；控制图用途。,概念,上午选择,B,3,topic_learning_packages/topics/08_质量管理/T-QUAL-002_专题学习包_质量管理七工具新七工具与质量问题分析.md,line 229,yes,来自专题学习包明确制卡提示，经脚本转入候选考点；正式卡片另行重写,,no
T-QUAL-003,质量问题案例模板：缺陷、测试、验收与纠偏,质量管理,T-QUAL-003-KP-001,质量案例三问诊断法卡。,案例模板,下午案例,A,3,topic_learning_packages/topics/08_质量管理/T-QUAL-003_专题学习包_质量问题案例模板缺陷测试验收与纠偏.md,line 73,yes,来自专题学习包明确制卡提示，经脚本转入候选考点；正式卡片另行重写,,no
T-QUAL-003,质量问题案例模板：缺陷、测试、验收与纠偏,质量管理,T-QUAL-003-KP-002,质量案例不妥点清单；项目经理质量责任；质量控制基本步骤。,流程,下午案例,A,3,topic_learning_packages/topics/08_质量管理/T-QUAL-003_专题学习包_质量问题案例模板缺陷测试验收与纠偏.md,line 118,yes,来自专题学习包明确制卡提示，经脚本转入候选考点；正式卡片另行重写,,no
T-COM-001,沟通渠道计算与干系人参与管理,人力资源与沟通管理,T-COM-001-KP-001,沟通渠道公式卡 + 扩展人数计算卡。,公式/计算,计算题,A,3,topic_learning_packages/topics/09_人力资源与沟通管理/T-COM-001_专题学习包_沟通渠道计算与干系人参与管理.md,line 107,yes,来自专题学习包明确制卡提示，经脚本转入候选考点；正式卡片另行重写,,no
T-COM-001,沟通渠道计算与干系人参与管理,人力资源与沟通管理,T-COM-001-KP-002,三种沟通方式判断卡（含场景关键词）。,关键词,上午选择,A,3,topic_learning_packages/topics/09_人力资源与沟通管理/T-COM-001_专题学习包_沟通渠道计算与干系人参与管理.md,line 124,yes,来自专题学习包明确制卡提示，经脚本转入候选考点；正式卡片另行重写,,no
T-COM-001,沟通渠道计算与干系人参与管理,人力资源与沟通管理,T-COM-001-KP-003,干系人参与度五级判断卡（含行为关键词）。,关键词,上午选择,A,3,topic_learning_packages/topics/09_人力资源与沟通管理/T-COM-001_专题学习包_沟通渠道计算与干系人参与管理.md,line 141,yes,来自专题学习包明确制卡提示，经脚本转入候选考点；正式卡片另行重写,,no
T-COM-001,沟通渠道计算与干系人参与管理,人力资源与沟通管理,T-COM-001-KP-004,沟通障碍类型判断卡。,概念,上午选择,B,3,topic_learning_packages/topics/09_人力资源与沟通管理/T-COM-001_专题学习包_沟通渠道计算与干系人参与管理.md,line 158,yes,来自专题学习包明确制卡提示，经脚本转入候选考点；正式卡片另行重写,,no
T-COM-001,沟通渠道计算与干系人参与管理,人力资源与沟通管理,T-COM-001-KP-005,沟通干系人案例模板卡。,案例模板,下午案例,B,3,topic_learning_packages/topics/09_人力资源与沟通管理/T-COM-001_专题学习包_沟通渠道计算与干系人参与管理.md,line 172,yes,来自专题学习包明确制卡提示，经脚本转入候选考点；正式卡片另行重写,,no
T-COM-001,沟通渠道计算与干系人参与管理,人力资源与沟通管理,T-COM-001-KP-006,沟通渠道公式；新增成员后渠道变化；渠道数 vs 沟通效果。,公式/计算,计算题,B,3,topic_learning_packages/topics/09_人力资源与沟通管理/T-COM-001_专题学习包_沟通渠道计算与干系人参与管理.md,line 216,yes,来自专题学习包明确制卡提示，经脚本转入候选考点；正式卡片另行重写,,no
T-HR-001,项目人力资源管理：组织计划、团队建设与团队管理,人力资源与沟通管理,T-HR-001-KP-001,RACI 四角色定义卡。R多个/A唯一规则卡。,概念,上午选择,A,3,topic_learning_packages/topics/09_人力资源与沟通管理/T-HR-001_专题学习包_项目人力资源管理组织计划团队建设与团队管理.md,line 94,yes,来自专题学习包明确制卡提示，经脚本转入候选考点；正式卡片另行重写,,no
T-HR-001,项目人力资源管理：组织计划、团队建设与团队管理,人力资源与沟通管理,T-HR-001-KP-002,塔克曼五阶段的关键词判断卡。,关键词,上午选择,A,3,topic_learning_packages/topics/09_人力资源与沟通管理/T-HR-001_专题学习包_项目人力资源管理组织计划团队建设与团队管理.md,line 109,yes,来自专题学习包明确制卡提示，经脚本转入候选考点；正式卡片另行重写,,no
T-HR-001,项目人力资源管理：组织计划、团队建设与团队管理,人力资源与沟通管理,T-HR-001-KP-003,冲突五种策略的场景判断卡。,概念,上午选择,A,3,topic_learning_packages/topics/09_人力资源与沟通管理/T-HR-001_专题学习包_项目人力资源管理组织计划团队建设与团队管理.md,line 124,yes,来自专题学习包明确制卡提示，经脚本转入候选考点；正式卡片另行重写,,no
T-HR-001,项目人力资源管理：组织计划、团队建设与团队管理,人力资源与沟通管理,T-HR-001-KP-004,双因素理论卡（保健因素 vs 激励因素）。,辨析,上午选择,B,3,topic_learning_packages/topics/09_人力资源与沟通管理/T-HR-001_专题学习包_项目人力资源管理组织计划团队建设与团队管理.md,line 139,yes,来自专题学习包明确制卡提示，经脚本转入候选考点；正式卡片另行重写,,no
T-HR-001,项目人力资源管理：组织计划、团队建设与团队管理,人力资源与沟通管理,T-HR-001-KP-005,RAM vs RACI 关系卡。,辨析,上午选择,B,3,topic_learning_packages/topics/09_人力资源与沟通管理/T-HR-001_专题学习包_项目人力资源管理组织计划团队建设与团队管理.md,line 154,yes,来自专题学习包明确制卡提示，经脚本转入候选考点；正式卡片另行重写,,no
T-HR-001,项目人力资源管理：组织计划、团队建设与团队管理,人力资源与沟通管理,T-HR-001-KP-006,团队冲突案例模板卡。,案例模板,下午案例,B,3,topic_learning_packages/topics/09_人力资源与沟通管理/T-HR-001_专题学习包_项目人力资源管理组织计划团队建设与团队管理.md,line 166,yes,来自专题学习包明确制卡提示，经脚本转入候选考点；正式卡片另行重写,,no
T-HR-001,项目人力资源管理：组织计划、团队建设与团队管理,人力资源与沟通管理,T-HR-001-KP-007,RAM 的用途；组织结构图 vs RAM；团队建设不是简单组建人员。,辨析,上午选择,B,3,topic_learning_packages/topics/09_人力资源与沟通管理/T-HR-001_专题学习包_项目人力资源管理组织计划团队建设与团队管理.md,line 211,yes,来自专题学习包明确制卡提示，经脚本转入候选考点；正式卡片另行重写,,no
T-RISK-001,风险识别、风险登记册与风险应对策略,干系人与风险管理,T-RISK-001-KP-001,四种威胁应对策略的关键动作判断卡。,概念,上午选择,A,3,topic_learning_packages/topics/10_干系人与风险管理/T-RISK-001_专题学习包_风险识别风险登记册与风险应对策略.md,line 97,yes,来自专题学习包明确制卡提示，经脚本转入候选考点；正式卡片另行重写,,no
T-RISK-001,风险识别、风险登记册与风险应对策略,干系人与风险管理,T-RISK-001-KP-002,规避（消除风险本身）vs 转移（风险还在但换人扛）辨析卡。,辨析,上午选择,A,3,topic_learning_packages/topics/10_干系人与风险管理/T-RISK-001_专题学习包_风险识别风险登记册与风险应对策略.md,line 112,yes,来自专题学习包明确制卡提示，经脚本转入候选考点；正式卡片另行重写,,no
T-RISK-001,风险识别、风险登记册与风险应对策略,干系人与风险管理,T-RISK-001-KP-003,四种机会应对策略的关键动作判断卡。,概念,上午选择,A,3,topic_learning_packages/topics/10_干系人与风险管理/T-RISK-001_专题学习包_风险识别风险登记册与风险应对策略.md,line 127,yes,来自专题学习包明确制卡提示，经脚本转入候选考点；正式卡片另行重写,,no
T-RISK-001,风险识别、风险登记册与风险应对策略,干系人与风险管理,T-RISK-001-KP-004,风险→问题的生命周期卡。,概念,上午选择,B,3,topic_learning_packages/topics/10_干系人与风险管理/T-RISK-001_专题学习包_风险识别风险登记册与风险应对策略.md,line 142,yes,来自专题学习包明确制卡提示，经脚本转入候选考点；正式卡片另行重写,,no
T-RISK-001,风险识别、风险登记册与风险应对策略,干系人与风险管理,T-RISK-001-KP-005,风险应对策略综合判断题卡。,概念,上午选择,B,3,topic_learning_packages/topics/10_干系人与风险管理/T-RISK-001_专题学习包_风险识别风险登记册与风险应对策略.md,line 154,yes,来自专题学习包明确制卡提示，经脚本转入候选考点；正式卡片另行重写,,no
T-RISK-001,风险识别、风险登记册与风险应对策略,干系人与风险管理,T-RISK-001-KP-006,德尔菲技术用途；风险登记册记录什么；风险 vs 问题。,辨析,上午选择,B,3,topic_learning_packages/topics/10_干系人与风险管理/T-RISK-001_专题学习包_风险识别风险登记册与风险应对策略.md,line 199,yes,来自专题学习包明确制卡提示，经脚本转入候选考点；正式卡片另行重写,,no
T-RISK-002,定性/定量风险分析、EMV 与决策树,干系人与风险管理,T-RISK-002-KP-001,EMV 公式卡。,公式/计算,计算题,A,3,topic_learning_packages/topics/10_干系人与风险管理/T-RISK-002_专题学习包_定性定量风险分析EMV与决策树.md,line 107,yes,来自专题学习包明确制卡提示，经脚本转入候选考点；正式卡片另行重写,,no
T-RISK-002,定性/定量风险分析、EMV 与决策树,干系人与风险管理,T-RISK-002-KP-002,决策树计算流程卡。,公式/计算,计算题,A,3,topic_learning_packages/topics/10_干系人与风险管理/T-RISK-002_专题学习包_定性定量风险分析EMV与决策树.md,line 144,yes,来自专题学习包明确制卡提示，经脚本转入候选考点；正式卡片另行重写,,no
T-RISK-002,定性/定量风险分析、EMV 与决策树,干系人与风险管理,T-RISK-002-KP-003,定性 vs 定量分析的区分卡。,辨析,上午选择,A,3,topic_learning_packages/topics/10_干系人与风险管理/T-RISK-002_专题学习包_定性定量风险分析EMV与决策树.md,line 161,yes,来自专题学习包明确制卡提示，经脚本转入候选考点；正式卡片另行重写,,no
T-RISK-002,定性/定量风险分析、EMV 与决策树,干系人与风险管理,T-RISK-002-KP-004,概率影响矩阵用途卡。,概念,上午选择,B,3,topic_learning_packages/topics/10_干系人与风险管理/T-RISK-002_专题学习包_定性定量风险分析EMV与决策树.md,line 176,yes,来自专题学习包明确制卡提示，经脚本转入候选考点；正式卡片另行重写,,no
T-RISK-002,定性/定量风险分析、EMV 与决策树,干系人与风险管理,T-RISK-002-KP-005,风险分析不足案例模板卡。,案例模板,下午案例,B,3,topic_learning_packages/topics/10_干系人与风险管理/T-RISK-002_专题学习包_定性定量风险分析EMV与决策树.md,line 190,yes,来自专题学习包明确制卡提示，经脚本转入候选考点；正式卡片另行重写,,no
T-RISK-002,定性/定量风险分析、EMV 与决策树,干系人与风险管理,T-RISK-002-KP-006,定性 vs 定量；概率影响矩阵；EMV 不是最可能结果。,辨析,上午选择,B,3,topic_learning_packages/topics/10_干系人与风险管理/T-RISK-002_专题学习包_定性定量风险分析EMV与决策树.md,line 235,yes,来自专题学习包明确制卡提示，经脚本转入候选考点；正式卡片另行重写,,no
T-PROC-001,合同类型、风险分配与采购决策,采购与合同管理,T-PROC-001-KP-001,合同类型选择判断卡（含关键词→合同类型映射）。,关键词,上午选择,A,3,topic_learning_packages/topics/11_采购与合同管理/T-PROC-001_专题学习包_合同类型选择与风险分配.md,line 117,yes,来自专题学习包明确制卡提示，经脚本转入候选考点；正式卡片另行重写,,no
T-PROC-001,合同类型、风险分配与采购决策,采购与合同管理,T-PROC-001-KP-002,不确定性 → 成本补偿合同的直觉卡。,概念,上午选择,A,3,topic_learning_packages/topics/11_采购与合同管理/T-PROC-001_专题学习包_合同类型选择与风险分配.md,line 134,yes,来自专题学习包明确制卡提示，经脚本转入候选考点；正式卡片另行重写,,no
T-PROC-001,合同类型、风险分配与采购决策,采购与合同管理,T-PROC-001-KP-003,三种合同类型的风险分配卡。,概念,上午选择,A,3,topic_learning_packages/topics/11_采购与合同管理/T-PROC-001_专题学习包_合同类型选择与风险分配.md,line 151,yes,来自专题学习包明确制卡提示，经脚本转入候选考点；正式卡片另行重写,,no
T-PROC-001,合同类型、风险分配与采购决策,采购与合同管理,T-PROC-001-KP-004,CPIF 激励机制公式卡。,公式/计算,计算题,B,3,topic_learning_packages/topics/11_采购与合同管理/T-PROC-001_专题学习包_合同类型选择与风险分配.md,line 168,yes,来自专题学习包明确制卡提示，经脚本转入候选考点；正式卡片另行重写,,no
T-PROC-001,合同类型、风险分配与采购决策,采购与合同管理,T-PROC-001-KP-005,自制外购分析的多因素判断卡。,概念,上午选择,B,3,topic_learning_packages/topics/11_采购与合同管理/T-PROC-001_专题学习包_合同类型选择与风险分配.md,line 185,yes,来自专题学习包明确制卡提示，经脚本转入候选考点；正式卡片另行重写,,no
T-PROC-001,合同类型、风险分配与采购决策,采购与合同管理,T-PROC-001-KP-006,合同选型案例模板卡。,案例模板,下午案例,B,3,topic_learning_packages/topics/11_采购与合同管理/T-PROC-001_专题学习包_合同类型选择与风险分配.md,line 199,yes,来自专题学习包明确制卡提示，经脚本转入候选考点；正式卡片另行重写,,no
T-PROC-001,合同类型、风险分配与采购决策,采购与合同管理,T-PROC-001-KP-007,固定总价合同风险；成本补偿合同适用场景；索赔为什么必须以合同为依据。,概念,上午选择,B,3,topic_learning_packages/topics/11_采购与合同管理/T-PROC-001_专题学习包_合同类型选择与风险分配.md,line 244,yes,来自专题学习包明确制卡提示，经脚本转入候选考点；正式卡片另行重写,,no
T-PROC-002,招投标、政府采购与采购流程管理,采购与合同管理,T-PROC-002-KP-001,采购方式选择判断卡。,概念,上午选择,A,3,topic_learning_packages/topics/11_采购与合同管理/T-PROC-002_专题学习包_招投标政府采购与采购流程管理.md,line 97,yes,来自专题学习包明确制卡提示，经脚本转入候选考点；正式卡片另行重写,,no
T-PROC-002,招投标、政府采购与采购流程管理,采购与合同管理,T-PROC-002-KP-002,单一来源采购的关键条件卡。,概念,上午选择,A,3,topic_learning_packages/topics/11_采购与合同管理/T-PROC-002_专题学习包_招投标政府采购与采购流程管理.md,line 111,yes,来自专题学习包明确制卡提示，经脚本转入候选考点；正式卡片另行重写,,no
T-PROC-002,招投标、政府采购与采购流程管理,采购与合同管理,T-PROC-002-KP-003,投标不足 3 家的处理规则卡。,概念,上午选择,A,3,topic_learning_packages/topics/11_采购与合同管理/T-PROC-002_专题学习包_招投标政府采购与采购流程管理.md,line 125,yes,来自专题学习包明确制卡提示，经脚本转入候选考点；正式卡片另行重写,,no
T-PROC-002,招投标、政府采购与采购流程管理,采购与合同管理,T-PROC-002-KP-004,否决投标常见情形判断卡。,概念,上午选择,B,3,topic_learning_packages/topics/11_采购与合同管理/T-PROC-002_专题学习包_招投标政府采购与采购流程管理.md,line 139,yes,来自专题学习包明确制卡提示，经脚本转入候选考点；正式卡片另行重写,,no
T-PROC-002,招投标、政府采购与采购流程管理,采购与合同管理,T-PROC-002-KP-005,中标通知书法律效力卡。,概念,上午选择,B,3,topic_learning_packages/topics/11_采购与合同管理/T-PROC-002_专题学习包_招投标政府采购与采购流程管理.md,line 153,yes,来自专题学习包明确制卡提示，经脚本转入候选考点；正式卡片另行重写,,no
T-PROC-002,招投标、政府采购与采购流程管理,采购与合同管理,T-PROC-002-KP-006,投标文件送达要求；公开招标 vs 邀请招标；单一来源采购比例条件 [待核验]。,辨析,上午选择,B,3,topic_learning_packages/topics/11_采购与合同管理/T-PROC-002_专题学习包_招投标政府采购与采购流程管理.md,line 198,needs_review,来自专题学习包明确制卡提示，经脚本转入候选考点；正式卡片另行重写,,yes
T-CFG-001,配置管理：配置项、基线、配置库与版本控制,配置变更知识产权与法律法规,T-CFG-001-KP-001,三类配置库的定位判断卡。,概念,上午选择,A,3,topic_learning_packages/topics/12_配置变更知识产权与法律法规/T-CFG-001_专题学习包_配置管理配置项基线配置库与版本控制.md,line 74,yes,来自专题学习包明确制卡提示，经脚本转入候选考点；正式卡片另行重写,,no
T-CFG-001,配置管理：配置项、基线、配置库与版本控制,配置变更知识产权与法律法规,T-CFG-001-KP-002,基线定义与作用卡。,概念,上午选择,A,3,topic_learning_packages/topics/12_配置变更知识产权与法律法规/T-CFG-001_专题学习包_配置管理配置项基线配置库与版本控制.md,line 89,yes,来自专题学习包明确制卡提示，经脚本转入候选考点；正式卡片另行重写,,no
T-CFG-001,配置管理：配置项、基线、配置库与版本控制,配置变更知识产权与法律法规,T-CFG-001-KP-003,变更批准后 → 配置更新的衔接卡。,概念,上午选择,A,3,topic_learning_packages/topics/12_配置变更知识产权与法律法规/T-CFG-001_专题学习包_配置管理配置项基线配置库与版本控制.md,line 104,yes,来自专题学习包明确制卡提示，经脚本转入候选考点；正式卡片另行重写,,no
T-CFG-001,配置管理：配置项、基线、配置库与版本控制,配置变更知识产权与法律法规,T-CFG-001-KP-004,三类库权限比较卡。,概念,上午选择,B,3,topic_learning_packages/topics/12_配置变更知识产权与法律法规/T-CFG-001_专题学习包_配置管理配置项基线配置库与版本控制.md,line 119,yes,来自专题学习包明确制卡提示，经脚本转入候选考点；正式卡片另行重写,,no
T-CFG-001,配置管理：配置项、基线、配置库与版本控制,配置变更知识产权与法律法规,T-CFG-001-KP-005,基线的含义；开发库/受控库/产品库；配置控制步骤。,流程,上午选择,B,3,topic_learning_packages/topics/12_配置变更知识产权与法律法规/T-CFG-001_专题学习包_配置管理配置项基线配置库与版本控制.md,line 164,yes,来自专题学习包明确制卡提示，经脚本转入候选考点；正式卡片另行重写,,no
T-LAW-001,法律法规基础、合同法、招投标法与政府采购法考点,配置变更知识产权与法律法规,T-LAW-001-KP-001,招标公告/投标/中标通知书的要约阶段卡。,概念,上午选择,A,3,topic_learning_packages/topics/12_配置变更知识产权与法律法规/T-LAW-001_专题学习包_法律法规基础合同法招投标法与政府采购法考点.md,line 92,yes,来自专题学习包明确制卡提示，经脚本转入候选考点；正式卡片另行重写,,no
T-LAW-001,法律法规基础、合同法、招投标法与政府采购法考点,配置变更知识产权与法律法规,T-LAW-001-KP-002,合同成立 vs 生效辨析卡。,辨析,上午选择,A,3,topic_learning_packages/topics/12_配置变更知识产权与法律法规/T-LAW-001_专题学习包_法律法规基础合同法招投标法与政府采购法考点.md,line 106,yes,来自专题学习包明确制卡提示，经脚本转入候选考点；正式卡片另行重写,,no
T-LAW-001,法律法规基础、合同法、招投标法与政府采购法考点,配置变更知识产权与法律法规,T-LAW-001-KP-003,招投标禁止行为判断卡。,概念,上午选择,A,3,topic_learning_packages/topics/12_配置变更知识产权与法律法规/T-LAW-001_专题学习包_法律法规基础合同法招投标法与政府采购法考点.md,line 120,yes,来自专题学习包明确制卡提示，经脚本转入候选考点；正式卡片另行重写,,no
T-LAW-001,法律法规基础、合同法、招投标法与政府采购法考点,配置变更知识产权与法律法规,T-LAW-001-KP-004,违约金调整原则卡。,概念,上午选择,B,3,topic_learning_packages/topics/12_配置变更知识产权与法律法规/T-LAW-001_专题学习包_法律法规基础合同法招投标法与政府采购法考点.md,line 134,yes,来自专题学习包明确制卡提示，经脚本转入候选考点；正式卡片另行重写,,no
T-LAW-001,法律法规基础、合同法、招投标法与政府采购法考点,配置变更知识产权与法律法规,T-LAW-001-KP-005,强制 vs 推荐标准判断卡。,辨析,上午选择,B,3,topic_learning_packages/topics/12_配置变更知识产权与法律法规/T-LAW-001_专题学习包_法律法规基础合同法招投标法与政府采购法考点.md,line 148,yes,来自专题学习包明确制卡提示，经脚本转入候选考点；正式卡片另行重写,,no
T-LAW-001,法律法规基础、合同法、招投标法与政府采购法考点,配置变更知识产权与法律法规,T-LAW-001-KP-006,招标公告/投标/中标通知书对应关系；合同条款含混为什么危险；GB vs GB/T vs GB/Z。,辨析,上午选择,B,3,topic_learning_packages/topics/12_配置变更知识产权与法律法规/T-LAW-001_专题学习包_法律法规基础合同法招投标法与政府采购法考点.md,line 193,yes,来自专题学习包明确制卡提示，经脚本转入候选考点；正式卡片另行重写,,no
T-INFO-002,企业信息化系统：ERP、CRM、SCM、BI、EAI 辨析,信息系统技术基础,T-INFO-002-KP-001,ERP vs CRM 的判断卡（管内部资源 vs 管客户关系）。,辨析,上午选择,A,3,topic_learning_packages/topics/13_信息系统技术基础/T-INFO-002_专题学习包_企业信息化系统ERP_CRM_SCM_BI_EAI辨析.md,line 85,yes,来自专题学习包明确制卡提示，经脚本转入候选考点；正式卡片另行重写,,no
T-INFO-002,企业信息化系统：ERP、CRM、SCM、BI、EAI 辨析,信息系统技术基础,T-INFO-002-KP-002,BI 特征关键词卡（数据仓库/OLAP/数据挖掘/决策支持）。,关键词,上午选择,A,3,topic_learning_packages/topics/13_信息系统技术基础/T-INFO-002_专题学习包_企业信息化系统ERP_CRM_SCM_BI_EAI辨析.md,line 96,yes,来自专题学习包明确制卡提示，经脚本转入候选考点；正式卡片另行重写,,no
T-INFO-002,企业信息化系统：ERP、CRM、SCM、BI、EAI 辨析,信息系统技术基础,T-INFO-002-KP-003,EAI vs BI 的场景区分卡。,辨析,上午选择,A,3,topic_learning_packages/topics/13_信息系统技术基础/T-INFO-002_专题学习包_企业信息化系统ERP_CRM_SCM_BI_EAI辨析.md,line 107,yes,来自专题学习包明确制卡提示，经脚本转入候选考点；正式卡片另行重写,,no
T-INFO-002,企业信息化系统：ERP、CRM、SCM、BI、EAI 辨析,信息系统技术基础,T-INFO-002-KP-004,五系统一句话定位卡。,概念,上午选择,B,3,topic_learning_packages/topics/13_信息系统技术基础/T-INFO-002_专题学习包_企业信息化系统ERP_CRM_SCM_BI_EAI辨析.md,line 121,yes,来自专题学习包明确制卡提示，经脚本转入候选考点；正式卡片另行重写,,no
T-INFO-002,企业信息化系统：ERP、CRM、SCM、BI、EAI 辨析,信息系统技术基础,T-INFO-002-KP-005,企业信息化场景匹配综合卡。,概念,上午选择,B,3,topic_learning_packages/topics/13_信息系统技术基础/T-INFO-002_专题学习包_企业信息化系统ERP_CRM_SCM_BI_EAI辨析.md,line 133,yes,来自专题学习包明确制卡提示，经脚本转入候选考点；正式卡片另行重写,,no
T-INFO-002,企业信息化系统：ERP、CRM、SCM、BI、EAI 辨析,信息系统技术基础,T-INFO-002-KP-006,ERP vs MRP II；CRM 数据类型；数据仓库与 OLAP。,辨析,上午选择,B,3,topic_learning_packages/topics/13_信息系统技术基础/T-INFO-002_专题学习包_企业信息化系统ERP_CRM_SCM_BI_EAI辨析.md,line 177,yes,来自专题学习包明确制卡提示，经脚本转入候选考点；正式卡片另行重写,,no
T-CASE-001,下午案例题通用审题与答题方法,案例分析专题,T-CASE-001-KP-001,"进度延误案例模板卡（""未做活动估算→未识别关键路径→盲目赶工→效果不佳""链）。",案例模板,下午案例,A,3,topic_learning_packages/topics/14_案例分析专题/T-CASE-001_专题学习包_下午案例题通用审题与答题方法.md,line 244,yes,来自专题学习包明确制卡提示，经脚本转入候选考点；正式卡片另行重写,,no
T-CASE-001,下午案例题通用审题与答题方法,案例分析专题,T-CASE-001-KP-002,"挣值案例模板卡（""只看时间进度→掩盖真实绩效→缺 EVM 方法""链）。",案例模板,下午案例,A,3,topic_learning_packages/topics/14_案例分析专题/T-CASE-001_专题学习包_下午案例题通用审题与答题方法.md,line 265,yes,来自专题学习包明确制卡提示，经脚本转入候选考点；正式卡片另行重写,,no
T-CASE-001,下午案例题通用审题与答题方法,案例分析专题,T-CASE-001-KP-003,"范围蔓延案例模板卡（""绕过PM→口头变更→无流程→蔓延""链）。",流程,下午案例,A,3,topic_learning_packages/topics/14_案例分析专题/T-CASE-001_专题学习包_下午案例题通用审题与答题方法.md,line 287,yes,来自专题学习包明确制卡提示，经脚本转入候选考点；正式卡片另行重写,,no
T-CASE-001,下午案例题通用审题与答题方法,案例分析专题,T-CASE-001-KP-004,"质量案例模板卡（""无QA→QC集中在后期→缺陷爆发→失败成本高""链）。",案例模板,下午案例,B,3,topic_learning_packages/topics/14_案例分析专题/T-CASE-001_专题学习包_下午案例题通用审题与答题方法.md,line 309,yes,来自专题学习包明确制卡提示，经脚本转入候选考点；正式卡片另行重写,,no
T-CASE-001,下午案例题通用审题与答题方法,案例分析专题,T-CASE-001-KP-005,"沟通干系人案例模板卡（""识别不全→沟通范围窄→无反馈→冲突爆发""链）。",案例模板,下午案例,B,3,topic_learning_packages/topics/14_案例分析专题/T-CASE-001_专题学习包_下午案例题通用审题与答题方法.md,line 330,yes,来自专题学习包明确制卡提示，经脚本转入候选考点；正式卡片另行重写,,no
T-CASE-001,下午案例题通用审题与答题方法,案例分析专题,T-CASE-001-KP-006,"合同纠纷案例模板卡（""合同类型不当→变更费用不明→争议升级""链）。",案例模板,下午案例,B,3,topic_learning_packages/topics/14_案例分析专题/T-CASE-001_专题学习包_下午案例题通用审题与答题方法.md,line 351,yes,来自专题学习包明确制卡提示，经脚本转入候选考点；正式卡片另行重写,,no
T-CASE-001,下午案例题通用审题与答题方法,案例分析专题,T-CASE-001-KP-007,事实层/管理层/答题层；信号词到知识域；措施必须对应原因。,关键词,上午选择,B,3,topic_learning_packages/topics/14_案例分析专题/T-CASE-001_专题学习包_下午案例题通用审题与答题方法.md,line 396,yes,来自专题学习包明确制卡提示，经脚本转入候选考点；正式卡片另行重写,,no
T-CASE-002,进度延误与成本超支案例专项模板,案例分析专题,T-CASE-002-KP-001,EVM 案例答题步骤；赶工先看关键路径；加新人为什么可能拖慢项目。,流程,下午案例,A,3,topic_learning_packages/topics/14_案例分析专题/T-CASE-002_专题学习包_进度延误与成本超支案例专项模板.md,line 139,yes,来自专题学习包明确制卡提示，经脚本转入候选考点；正式卡片另行重写,,no
T-CASE-003,范围蔓延、变更失控与合同纠纷案例模板,案例分析专题,T-CASE-003-KP-001,范围说明书内容；范围蔓延 vs 合法变更；合同附件与验收标准。,辨析,上午选择,A,3,topic_learning_packages/topics/14_案例分析专题/T-CASE-003_专题学习包_范围蔓延变更失控与合同纠纷案例模板.md,line 150,yes,来自专题学习包明确制卡提示，经脚本转入候选考点；正式卡片另行重写,,no
T-COM-002,沟通管理与干系人冲突案例模板,案例分析专题,T-COM-002-KP-001,沟通干系人案例三问诊断法卡。,案例模板,下午案例,A,3,topic_learning_packages/topics/14_案例分析专题/T-COM-002_专题学习包_沟通管理与干系人冲突案例模板.md,line 59,yes,来自专题学习包明确制卡提示，经脚本转入候选考点；正式卡片另行重写,,no
T-COM-002,沟通管理与干系人冲突案例模板,案例分析专题,T-COM-002-KP-002,关键干系人识别；沟通确认机制；会议纪要的证据价值。,概念,上午选择,A,3,topic_learning_packages/topics/14_案例分析专题/T-COM-002_专题学习包_沟通管理与干系人冲突案例模板.md,line 104,yes,来自专题学习包明确制卡提示，经脚本转入候选考点；正式卡片另行重写,,no
T-CROSS-001,高频跨域概念辨析与易错点,综合专题与跨域辨析,T-CROSS-001-KP-001,QC vs 确认范围；风险 vs 问题；变更控制 vs 配置控制。,辨析,上午选择,A,3,topic_learning_packages/topics/99_综合专题与跨域辨析/T-CROSS-001_专题学习包_高频跨域概念辨析与易错点.md,line 236,yes,来自专题学习包明确制卡提示，经脚本转入候选考点；正式卡片另行重写,,no
T-ORG-001,组织结构、项目经理权限与 PMO,综合专题与跨域辨析,T-ORG-001-KP-001,组织结构类型的关键词判断卡。,关键词,上午选择,A,3,topic_learning_packages/topics/99_综合专题与跨域辨析/T-ORG-001_专题学习包_组织结构项目经理权限与PMO.md,line 70,yes,来自专题学习包明确制卡提示，经脚本转入候选考点；正式卡片另行重写,,no
T-ORG-001,组织结构、项目经理权限与 PMO,综合专题与跨域辨析,T-ORG-001-KP-002,PMO 三级分类判断卡。,概念,上午选择,A,3,topic_learning_packages/topics/99_综合专题与跨域辨析/T-ORG-001_专题学习包_组织结构项目经理权限与PMO.md,line 81,yes,来自专题学习包明确制卡提示，经脚本转入候选考点；正式卡片另行重写,,no
T-ORG-001,组织结构、项目经理权限与 PMO,综合专题与跨域辨析,T-ORG-001-KP-003,矩阵型双重汇报关系卡。,概念,上午选择,A,3,topic_learning_packages/topics/99_综合专题与跨域辨析/T-ORG-001_专题学习包_组织结构项目经理权限与PMO.md,line 95,yes,来自专题学习包明确制卡提示，经脚本转入候选考点；正式卡片另行重写,,no
T-ORG-001,组织结构、项目经理权限与 PMO,综合专题与跨域辨析,T-ORG-001-KP-004,PMO 核心职能 vs 项目经理职责辨析卡。,辨析,上午选择,B,3,topic_learning_packages/topics/99_综合专题与跨域辨析/T-ORG-001_专题学习包_组织结构项目经理权限与PMO.md,line 109,yes,来自专题学习包明确制卡提示，经脚本转入候选考点；正式卡片另行重写,,no
T-ORG-001,组织结构、项目经理权限与 PMO,综合专题与跨域辨析,T-ORG-001-KP-005,项目特征 vs 组织结构的匹配卡。,辨析,上午选择,B,3,topic_learning_packages/topics/99_综合专题与跨域辨析/T-ORG-001_专题学习包_组织结构项目经理权限与PMO.md,line 123,yes,来自专题学习包明确制卡提示，经脚本转入候选考点；正式卡片另行重写,,no
T-ORG-001,组织结构、项目经理权限与 PMO,综合专题与跨域辨析,T-ORG-001-KP-006,职能型/矩阵型/项目型；弱矩阵 vs 强矩阵；PMO 三种类型。,辨析,上午选择,B,3,topic_learning_packages/topics/99_综合专题与跨域辨析/T-ORG-001_专题学习包_组织结构项目经理权限与PMO.md,line 168,yes,来自专题学习包明确制卡提示，经脚本转入候选考点；正式卡片另行重写,,no
T-RISK-003,风险、问题、变更与应急措施的跨域辨析,综合专题与跨域辨析,T-RISK-003-KP-001,风险→问题的状态转换卡。,概念,上午选择,A,3,topic_learning_packages/topics/99_综合专题与跨域辨析/T-RISK-003_专题学习包_风险问题变更与应急措施跨域辨析.md,line 53,yes,来自专题学习包明确制卡提示，经脚本转入候选考点；正式卡片另行重写,,no
T-RISK-003,风险、问题、变更与应急措施的跨域辨析,综合专题与跨域辨析,T-RISK-003-KP-002,应急措施（有预案）vs 权变措施（临时想）辨析卡。,辨析,上午选择,A,3,topic_learning_packages/topics/99_综合专题与跨域辨析/T-RISK-003_专题学习包_风险问题变更与应急措施跨域辨析.md,line 64,yes,来自专题学习包明确制卡提示，经脚本转入候选考点；正式卡片另行重写,,no
T-RISK-003,风险、问题、变更与应急措施的跨域辨析,综合专题与跨域辨析,T-RISK-003-KP-003,权变措施判断卡（未识别风险+临时方案）。,概念,上午选择,A,3,topic_learning_packages/topics/99_综合专题与跨域辨析/T-RISK-003_专题学习包_风险问题变更与应急措施跨域辨析.md,line 75,yes,来自专题学习包明确制卡提示，经脚本转入候选考点；正式卡片另行重写,,no
T-RISK-003,风险、问题、变更与应急措施的跨域辨析,综合专题与跨域辨析,T-RISK-003-KP-004,问题→是否需要变更的判断卡。,概念,上午选择,B,3,topic_learning_packages/topics/99_综合专题与跨域辨析/T-RISK-003_专题学习包_风险问题变更与应急措施跨域辨析.md,line 89,yes,来自专题学习包明确制卡提示，经脚本转入候选考点；正式卡片另行重写,,no
T-RISK-003,风险、问题、变更与应急措施的跨域辨析,综合专题与跨域辨析,T-RISK-003-KP-005,风险 vs 问题；问题日志 vs 风险登记册；应急措施和权变措施。,辨析,上午选择,B,3,topic_learning_packages/topics/99_综合专题与跨域辨析/T-RISK-003_专题学习包_风险问题变更与应急措施跨域辨析.md,line 134,yes,来自专题学习包明确制卡提示，经脚本转入候选考点；正式卡片另行重写,,no
T-SCOPE-003,范围确认、质量控制、验收与测试的边界辨析,综合专题与跨域辨析,T-SCOPE-003-KP-001,QC→确认范围的顺序卡。,概念,上午选择,A,3,topic_learning_packages/topics/99_综合专题与跨域辨析/T-SCOPE-003_专题学习包_范围确认质量控制验收与测试边界辨析.md,line 56,yes,来自专题学习包明确制卡提示，经脚本转入候选考点；正式卡片另行重写,,no
T-SCOPE-003,范围确认、质量控制、验收与测试的边界辨析,综合专题与跨域辨析,T-SCOPE-003-KP-002,确认范围→监控过程组卡。,概念,上午选择,A,3,topic_learning_packages/topics/99_综合专题与跨域辨析/T-SCOPE-003_专题学习包_范围确认质量控制验收与测试边界辨析.md,line 67,yes,来自专题学习包明确制卡提示，经脚本转入候选考点；正式卡片另行重写,,no
T-SCOPE-003,范围确认、质量控制、验收与测试的边界辨析,综合专题与跨域辨析,T-SCOPE-003-KP-003,测试 vs QC 关系卡。,辨析,上午选择,A,3,topic_learning_packages/topics/99_综合专题与跨域辨析/T-SCOPE-003_专题学习包_范围确认质量控制验收与测试边界辨析.md,line 81,yes,来自专题学习包明确制卡提示，经脚本转入候选考点；正式卡片另行重写,,no
T-SCOPE-003,范围确认、质量控制、验收与测试的边界辨析,综合专题与跨域辨析,T-SCOPE-003-KP-004,确认范围（验收）vs 控制范围（监控偏离）辨析卡。,辨析,上午选择,B,3,topic_learning_packages/topics/99_综合专题与跨域辨析/T-SCOPE-003_专题学习包_范围确认质量控制验收与测试边界辨析.md,line 95,yes,来自专题学习包明确制卡提示，经脚本转入候选考点；正式卡片另行重写,,no
T-SCOPE-003,范围确认、质量控制、验收与测试的边界辨析,综合专题与跨域辨析,T-SCOPE-003-KP-005,确认范围定义；QC vs 验收；核实的可交付成果 vs 验收的可交付成果。,辨析,上午选择,B,3,topic_learning_packages/topics/99_综合专题与跨域辨析/T-SCOPE-003_专题学习包_范围确认质量控制验收与测试边界辨析.md,line 140,yes,来自专题学习包明确制卡提示，经脚本转入候选考点；正式卡片另行重写,,no
